{
  "valid_pixels": 735898,
  "azimuth_deg": {
    "min": 40.0450325012207,
    "max": 145.80262756347656,
    "mean": 93.18339538574219,
    "std": 22.392440795898438
  },
  "elevation_deg": {
    "min": 21.15766143798828,
    "max": 61.73979187011719,
    "mean": 40.50053405761719,
    "std": 10.354084968566895
  }
}