{
  "K": [
    [
      1140.3503570502169,
      0.0,
      951.6501828856295
    ],
    [
      0.0,
      1140.891118204893,
      508.8672218528038
    ],
    [
      0.0,
      0.0,
      1.0
    ]
  ],
  "R": [
    [
      0.9995830783253649,
      0.024773143132376853,
      -0.01483107902109727
    ],
    [
      0.007406596087511558,
      -0.7164734336372056,
      -0.6975750577726452
    ],
    [
      -0.027907200862568076,
      0.6971743757995237,
      -0.7163582049984216
    ]
  ],
  "rvec": [
    2.369458717135697,
    0.02221426310548727,
    -0.029503017023361312
  ],
  "tvec": [
    -0.5288567546494006,
    0.4032836015969087,
    0.9704909301366319
  ],
  "cam_pos": [
    0.5527329893824885,
    -0.37455797759193565,
    0.968696206043604
  ],
  "floor_width_m": 1.0,
  "floor_height_m": 1.3436444300114185,
  "reprojection_error_px": 1.9886174201965332,
  "note": "Real-world coordinate system (width=1.0000 m, origin at 1st clicked corner). Angles are metric-accurate (scale-invariant).",
  "elevation_convention": "zenith"
}