{
  "valid_pixels": 681260,
  "azimuth_deg": {
    "min": 37.13378143310547,
    "max": 137.91697692871094,
    "mean": 87.17581176757812,
    "std": 21.238080978393555
  },
  "elevation_deg": {
    "min": 23.260902404785156,
    "max": 61.28635787963867,
    "mean": 41.94148254394531,
    "std": 9.741354942321777
  }
}