{
  "K": [
    [
      1145.6117729674443,
      0.0,
      950.3791985661176
    ],
    [
      0.0,
      1146.449152999327,
      522.5714891215617
    ],
    [
      0.0,
      0.0,
      1.0
    ]
  ],
  "R": [
    [
      0.9999585102977069,
      -0.00910446851096268,
      -0.00029383043258015456
    ],
    [
      -0.007191938623127976,
      -0.7692839837758241,
      -0.6388665183939746
    ],
    [
      0.005590501053696465,
      0.6388421252227583,
      -0.7693175451910856
    ]
  ],
  "rvec": [
    2.448546058783447,
    -0.011276480550772473,
    0.00366509027121203
  ],
  "tvec": [
    -0.45940884250582165,
    0.2984422214685253,
    0.9960423975362298
  ],
  "cam_pos": [
    0.4559677838361145,
    -0.4109096943360548,
    0.9568026468512515
  ],
  "floor_width_m": 1.0,
  "floor_height_m": 1.2494063113411886,
  "reprojection_error_px": 4.762604713439941,
  "note": "Real-world coordinate system (width=1.0000 m, origin at 1st clicked corner). Angles are metric-accurate (scale-invariant).",
  "elevation_convention": "zenith"
}