{
  "valid_pixels": 237844,
  "azimuth_deg": {
    "min": -179.99961853027344,
    "max": 179.9994659423828,
    "mean": 51.75004577636719,
    "std": 130.024169921875
  },
  "elevation_deg": {
    "min": 0.03929901123046875,
    "max": 62.63072204589844,
    "mean": 32.78254699707031,
    "std": 16.421199798583984
  }
}