{
  "K": [
    [
      419.05137683177605,
      0.0,
      616.6978112324574
    ],
    [
      0.0,
      417.42535831908555,
      353.5607767250695
    ],
    [
      0.0,
      0.0,
      1.0
    ]
  ],
  "R": [
    [
      0.9703668590043,
      -0.008728952189273456,
      -0.24147870369828933
    ],
    [
      -0.07145195126424084,
      -0.9650226974232858,
      -0.25224157492058635
    ],
    [
      -0.23083062536557275,
      0.2620209893339895,
      -0.9370497444329068
    ]
  ],
  "rvec": [
    2.8577260349484725,
    -0.059170728706807944,
    -0.3485479206646109
  ],
  "tvec": [
    -0.7287333586231529,
    0.2947818914439837,
    0.6346007519025152
  ],
  "cam_pos": [
    0.8746867300189596,
    0.11183142054107065,
    0.4930351341610626
  ],
  "floor_width_m": 1.0,
  "floor_height_m": 0.4926202289475056,
  "reprojection_error_px": 1.0509939193725586,
  "note": "Real-world coordinate system (width=1.0000 m, origin at 1st clicked corner). Angles are metric-accurate (scale-invariant).",
  "elevation_convention": "zenith"
}