{
  "valid_pixels": 673244,
  "azimuth_deg": {
    "min": 37.866600036621094,
    "max": 134.77369689941406,
    "mean": 85.49617767333984,
    "std": 20.78489112854004
  },
  "elevation_deg": {
    "min": 25.685104370117188,
    "max": 62.73853302001953,
    "mean": 43.56034469604492,
    "std": 9.438122749328613
  }
}