{
  "K": [
    [
      1141.5070553683067,
      0.0,
      949.9097721394147
    ],
    [
      0.0,
      1142.0145427719021,
      523.1179220608578
    ],
    [
      0.0,
      0.0,
      1.0
    ]
  ],
  "R": [
    [
      0.9997648330293715,
      0.007765614682508347,
      -0.020247811396688593
    ],
    [
      -0.008634363054168455,
      -0.7139422326304664,
      -0.700151366663862
    ],
    [
      -0.019892873407375628,
      0.7001615411426335,
      -0.7137072858619073
    ]
  ],
  "rvec": [
    2.3657464534371773,
    -0.000599646896580134,
    -0.02770679963792293
  ],
  "tvec": [
    -0.41336589360455644,
    0.3297641262374641,
    0.96662099350037
  ],
  "cam_pos": [
    0.4353448558443857,
    -0.43814826773000887,
    0.9123994947386357
  ],
  "floor_width_m": 1.0,
  "floor_height_m": 1.2408027287941246,
  "reprojection_error_px": 7.735198020935059,
  "note": "Real-world coordinate system (width=1.0000 m, origin at 1st clicked corner). Angles are metric-accurate (scale-invariant).",
  "elevation_convention": "zenith"
}