{
  "Lateral_lying_left": {
    "precision": 0.8465266558966075,
    "recall": 0.8704318936877077,
    "f1-score": 0.8583128583128583,
    "support": 1204.0
  },
  "Lateral_lying_right": {
    "precision": 0.8668122270742358,
    "recall": 0.8593073593073594,
    "f1-score": 0.8630434782608696,
    "support": 1386.0
  },
  "Sitting": {
    "precision": 0.745819397993311,
    "recall": 0.7879858657243817,
    "f1-score": 0.7663230240549829,
    "support": 283.0
  },
  "Standing": {
    "precision": 0.9593891592549085,
    "recall": 0.9841625064555001,
    "f1-score": 0.971617946974847,
    "support": 5809.0
  },
  "Sternal_lying": {
    "precision": 0.8749119097956307,
    "recall": 0.8205551883674819,
    "f1-score": 0.846862210095498,
    "support": 3026.0
  },
  "accuracy": 0.9106593782029382,
  "macro avg": {
    "precision": 0.8586918700029388,
    "recall": 0.8644885627084863,
    "f1-score": 0.8612319035398113,
    "support": 11708.0
  },
  "weighted avg": {
    "precision": 0.9098276217295742,
    "recall": 0.9106593782029382,
    "f1-score": 0.9099069063727084,
    "support": 11708.0
  }
}