{
  "valid_pixels": 246190,
  "azimuth_deg": {
    "min": -179.99986267089844,
    "max": 179.99937438964844,
    "mean": -39.1511116027832,
    "std": 128.76087951660156
  },
  "elevation_deg": {
    "min": 0.051025390625,
    "max": 62.292091369628906,
    "mean": 29.969139099121094,
    "std": 15.858698844909668
  }
}