{
  "K": [
    [
      431.98313126651254,
      0.0,
      632.1033254807327
    ],
    [
      0.0,
      430.5565849854628,
      353.14836304320323
    ],
    [
      0.0,
      0.0,
      1.0
    ]
  ],
  "R": [
    [
      0.9291737102718567,
      0.03870337112689623,
      -0.3676115683748884
    ],
    [
      0.0938597068867971,
      -0.9866123680825994,
      0.1333656273916554
    ],
    [
      -0.35752842063639645,
      -0.15842374888210123,
      -0.9203669617209131
    ]
  ],
  "rvec": [
    -2.938711613338182,
    -0.10155086431354696,
    0.555498512374657
  ],
  "tvec": [
    -0.6458705205016638,
    0.19486006860575436,
    0.8230595755368666
  ],
  "cam_pos": [
    0.8761035890978279,
    0.34764090369662,
    0.4940997305402608
  ],
  "floor_width_m": 1.0,
  "floor_height_m": 0.49016209428772833,
  "reprojection_error_px": 2.063446283340454,
  "note": "Real-world coordinate system (width=1.0000 m, origin at 1st clicked corner). Angles are metric-accurate (scale-invariant).",
  "elevation_convention": "zenith"
}