{
  "valid_pixels": 220983,
  "azimuth_deg": {
    "min": -179.89437866210938,
    "max": 179.3897705078125,
    "mean": -18.223709106445312,
    "std": 58.410030364990234
  },
  "elevation_deg": {
    "min": 0.06215667724609375,
    "max": 63.611534118652344,
    "mean": 30.680850982666016,
    "std": 16.467592239379883
  }
}