{
  "K": [
    [
      431.82201336113786,
      0.0,
      633.1517954104488
    ],
    [
      0.0,
      430.2517980524596,
      358.5864148997146
    ],
    [
      0.0,
      0.0,
      1.0
    ]
  ],
  "R": [
    [
      0.9027023358934388,
      -0.003953331898002586,
      0.43024744501209283
    ],
    [
      -0.0887043682465502,
      -0.9801865284962175,
      0.177104219059045
    ],
    [
      0.4210225977622935,
      -0.1980372200406732,
      -0.8851673466932972
    ]
  ],
  "rvec": [
    -2.8747369146935737,
    0.07069069464852991,
    -0.6494535323380906
  ],
  "tvec": [
    -0.27639557262612313,
    0.2620202748783588,
    0.4723172274464791
  ],
  "cam_pos": [
    0.07388904592367741,
    0.3492724508957328,
    0.49059337979141027
  ],
  "floor_width_m": 1.0,
  "floor_height_m": 0.48380393373821556,
  "reprojection_error_px": 2.407395839691162,
  "note": "Real-world coordinate system (width=1.0000 m, origin at 1st clicked corner). Angles are metric-accurate (scale-invariant).",
  "elevation_convention": "zenith"
}