{
  "valid_pixels": 732316,
  "azimuth_deg": {
    "min": 40.953975677490234,
    "max": 145.2984619140625,
    "mean": 92.76893615722656,
    "std": 22.04123306274414
  },
  "elevation_deg": {
    "min": 21.80762481689453,
    "max": 62.07581329345703,
    "mean": 41.04493713378906,
    "std": 10.289420127868652
  }
}