{
  "K": [
    [
      1144.5618168094343,
      0.0,
      945.1597978815302
    ],
    [
      0.0,
      1145.057838634435,
      522.6167887846796
    ],
    [
      0.0,
      0.0,
      1.0
    ]
  ],
  "R": [
    [
      0.9975649374084133,
      0.028576621791196008,
      -0.06362053395211092
    ],
    [
      -0.023497487954254874,
      -0.721163775526425,
      -0.6923659992578433
    ],
    [
      -0.06566630576778631,
      0.6921749674435469,
      -0.7187362177679211
    ]
  ],
  "rvec": [
    2.3746009511846675,
    0.003508665916172385,
    -0.08931135553774601
  ],
  "tvec": [
    -0.4822552624585714,
    0.4013970311894056,
    0.9937885457071297
  ],
  "cam_pos": [
    0.5557711851255374,
    -0.38462132953085976,
    0.9615041399023799
  ],
  "floor_width_m": 1.0,
  "floor_height_m": 1.3439113845568322,
  "reprojection_error_px": 0.7541804909706116,
  "note": "Real-world coordinate system (width=1.0000 m, origin at 1st clicked corner). Angles are metric-accurate (scale-invariant).",
  "elevation_convention": "zenith"
}