{
  "valid_pixels": 199534,
  "azimuth_deg": {
    "min": -179.97296142578125,
    "max": 179.989990234375,
    "mean": 26.33877944946289,
    "std": 49.2302360534668
  },
  "elevation_deg": {
    "min": 0.0196533203125,
    "max": 64.74159240722656,
    "mean": 33.90706253051758,
    "std": 16.929134368896484
  }
}