{
  "K": [
    [
      419.05137683177605,
      0.0,
      616.6978112324574
    ],
    [
      0.0,
      417.42535831908555,
      353.5607767250695
    ],
    [
      0.0,
      0.0,
      1.0
    ]
  ],
  "R": [
    [
      0.9273256949415092,
      0.034686726217827285,
      0.37264445054976564
    ],
    [
      0.1298458487814136,
      -0.9636673890210987,
      -0.2334206907955948
    ],
    [
      0.35100870509929166,
      0.2648433392810699,
      -0.8981374586236622
    ]
  ],
  "rvec": [
    2.831129070874355,
    0.1229339952664248,
    0.5406927692677573
  ],
  "tvec": [
    -0.23903947443176873,
    0.18638558328397242,
    0.3856277450514979
  ],
  "cam_pos": [
    0.0621073570428807,
    0.08577426548044054,
    0.47892970812914176
  ],
  "floor_width_m": 1.0,
  "floor_height_m": 0.4795471724490191,
  "reprojection_error_px": 0.6528778672218323,
  "note": "Real-world coordinate system (width=1.0000 m, origin at 1st clicked corner). Angles are metric-accurate (scale-invariant).",
  "elevation_convention": "zenith"
}